Timestamp,Service Name,Response Time (ms),Error Code,User Satisfaction
2025-05-12 10:29:56.375506,User Profile,630,404.0,3
2025-05-12 10:28:56.375514,User Profile,657,No Error,1
2025-05-12 10:27:56.375515,User Profile,112,No Error,1
2025-05-12 10:25:56.375517,User Profile,80,No Error,2
2025-05-12 10:24:56.375518,Payment Gateway,376,No Error,2
2025-05-12 10:23:56.375519,User Profile,435,500.0,4
2025-05-12 10:22:56.375520,Auth Service,341,500.0,1
2025-05-12 10:21:56.375521,Auth Service,791,401.0,1
2025-05-12 10:20:56.375522,User Profile,731,No Error,4
2025-05-12 10:19:56.375523,Payment Gateway,844,No Error,2
2025-05-12 10:18:56.375524,Auth Service,538,No Error,4
2025-05-12 10:17:56.375525,Payment Gateway,608,No Error,3
2025-05-12 10:16:56.375526,Auth Service,887,No Error,5
2025-05-12 10:15:56.375527,Payment Gateway,152,404.0,5
2025-05-12 10:14:56.375527,Data Sync,138,No Error,1
2025-05-12 10:13:56.375528,User Profile,422,No Error,1
2025-05-12 10:12:56.375529,Auth Service,604,503.0,2
2025-05-12 10:11:56.375530,Auth Service,370,No Error,1
2025-05-12 10:10:56.375531,Data Sync,93,No Error,1
2025-05-12 10:09:56.375532,User Profile,636,500.0,2
2025-05-12 10:07:56.375534,Data Sync,707,No Error,1
2025-05-12 10:06:56.375535,Data Sync,137,No Error,4
2025-05-12 10:05:56.375536,Auth Service,544,500.0,3
2025-05-12 10:04:56.375537,Payment Gateway,304,500.0,2
2025-05-12 10:03:56.375538,Payment Gateway,818,No Error,1
2025-05-12 10:02:56.375539,Auth Service,429,No Error,3
2025-05-12 10:01:56.375540,Data Sync,724,No Error,1
2025-05-12 10:00:56.375540,Auth Service,909,No Error,4
2025-05-12 09:59:56.375541,Auth Service,231,No Error,1
2025-05-12 09:58:56.375542,Auth Service,579,No Error,1
2025-05-12 09:57:56.375543,Data Sync,414,No Error,1
2025-05-12 09:56:56.375544,Auth Service,432,No Error,4
2025-05-12 09:55:56.375545,Payment Gateway,486,No Error,5
2025-05-12 09:54:56.375546,User Profile,653,No Error,4
2025-05-12 09:53:56.375547,Data Sync,283,No Error,1
2025-05-12 09:52:56.375548,Data Sync,62,No Error,5
2025-05-12 09:51:56.375548,Auth Service,147,404.0,4
2025-05-12 09:50:56.375549,Payment Gateway,555,No Error,3
2025-05-12 09:48:56.375551,Auth Service,219,No Error,5
2025-05-12 09:47:56.375552,Auth Service,199,No Error,5
2025-05-12 09:46:56.375553,Data Sync,668,401.0,4
2025-05-12 09:45:56.375554,Data Sync,558,401.0,1
2025-05-12 09:43:56.375555,Data Sync,594,No Error,3
2025-05-12 09:42:56.375556,Payment Gateway,212,No Error,2
2025-05-12 09:41:56.375557,User Profile,222,404.0,2
2025-05-12 09:40:56.375558,Payment Gateway,134,No Error,4
2025-05-12 09:39:56.375559,Auth Service,75,No Error,3
2025-05-12 09:38:56.375560,Payment Gateway,866,No Error,3
2025-05-12 09:37:56.375561,Payment Gateway,708,401.0,2
2025-05-12 09:36:56.375562,User Profile,447,404.0,1
2025-05-12 09:35:56.375563,Data Sync,567,No Error,5
2025-05-12 09:34:56.375563,User Profile,303,No Error,1
2025-05-12 09:33:56.375564,User Profile,486,No Error,5
2025-05-12 09:32:56.375565,Auth Service,134,No Error,3
2025-05-12 09:31:56.375566,Payment Gateway,146,No Error,3
2025-05-12 09:30:56.375567,User Profile,607,No Error,2
2025-05-12 09:29:56.375568,Auth Service,180,No Error,2
2025-05-12 09:28:56.375569,Auth Service,599,No Error,1
2025-05-12 09:27:56.375570,Payment Gateway,221,No Error,1
2025-05-12 09:26:56.375571,Auth Service,105,401.0,3
2025-05-12 09:25:56.375572,Data Sync,488,500.0,3
2025-05-12 09:24:56.375573,Payment Gateway,53,No Error,5
2025-05-12 09:23:56.375573,User Profile,286,500.0,1
2025-05-12 09:22:56.375574,Payment Gateway,261,No Error,1
2025-05-12 09:21:56.375575,User Profile,90,No Error,1
2025-05-12 09:20:56.375576,Auth Service,455,No Error,5
2025-05-12 09:19:56.375577,Data Sync,179,No Error,3
2025-05-12 09:18:56.375578,Data Sync,411,No Error,3
2025-05-12 09:17:56.375579,Data Sync,639,No Error,4
2025-05-12 09:16:56.375580,User Profile,811,No Error,2
2025-05-12 09:15:56.375580,Auth Service,315,No Error,1
2025-05-12 09:14:56.375581,Payment Gateway,556,No Error,1
2025-05-12 09:13:56.375582,Payment Gateway,623,No Error,2
2025-05-12 09:12:56.375583,User Profile,913,No Error,3
2025-05-12 09:11:56.375584,User Profile,475,No Error,4
2025-05-12 09:10:56.375585,User Profile,911,No Error,2
2025-05-12 09:08:56.375587,Auth Service,406,No Error,4
2025-05-12 09:07:56.375588,Data Sync,361,No Error,5
2025-05-12 09:06:56.375589,Data Sync,113,No Error,3
2025-05-12 09:05:56.375589,Auth Service,572,No Error,4
2025-05-12 09:04:56.375590,Auth Service,456,No Error,2
2025-05-12 09:03:56.375591,Payment Gateway,360,No Error,5
2025-05-12 09:01:56.375593,Data Sync,589,No Error,5
2025-05-12 09:00:56.375594,Payment Gateway,192,503.0,3
2025-05-12 08:59:56.375595,Payment Gateway,361,No Error,4
2025-05-12 08:58:56.375596,Data Sync,547,No Error,2
2025-05-12 08:57:56.375597,Payment Gateway,555,No Error,1
2025-05-12 08:56:56.375597,Payment Gateway,503,No Error,4
2025-05-12 08:55:56.375598,Auth Service,454,No Error,2
2025-05-12 08:54:56.375599,User Profile,318,No Error,5
2025-05-12 08:53:56.375600,Auth Service,273,503.0,1
2025-05-12 08:52:56.375601,Payment Gateway,460,500.0,5
2025-05-12 08:51:56.375602,Auth Service,58,No Error,3
2025-05-12 08:50:56.375603,Auth Service,684,No Error,4
2025-05-12 08:49:56.375604,Data Sync,654,No Error,4
2025-05-12 08:48:56.375604,User Profile,508,No Error,4
2025-05-12 08:47:56.375605,Auth Service,767,No Error,3
2025-05-12 08:46:56.375606,Auth Service,585,No Error,5
2025-05-12 08:45:56.375607,Payment Gateway,933,No Error,5
2025-05-12 08:44:56.375608,Payment Gateway,874,503.0,4
2025-05-12 08:43:56.375609,User Profile,717,No Error,1
2025-05-12 08:42:56.375610,Auth Service,407,No Error,4
2025-05-12 08:40:56.375612,User Profile,535,No Error,2
2025-05-12 08:39:56.375613,Payment Gateway,735,No Error,4
2025-05-12 08:38:56.375613,Payment Gateway,414,No Error,4
2025-05-12 08:37:56.375614,Auth Service,883,No Error,4
2025-05-12 08:36:56.375615,Payment Gateway,705,No Error,3
2025-05-12 08:35:56.375616,User Profile,725,No Error,3
2025-05-12 08:34:56.375617,User Profile,627,No Error,4
2025-05-12 08:33:56.375618,Payment Gateway,600,No Error,1
2025-05-12 08:32:56.375619,Payment Gateway,819,No Error,1
2025-05-12 08:31:56.375620,Payment Gateway,902,No Error,3
2025-05-12 08:30:56.375620,Data Sync,784,503.0,3
2025-05-12 08:29:56.375621,User Profile,616,500.0,4
2025-05-12 08:28:56.375622,Auth Service,939,No Error,1
2025-05-12 08:27:56.375623,Data Sync,945,No Error,1
2025-05-12 08:26:56.375624,Auth Service,216,No Error,1
2025-05-12 08:25:56.375625,Data Sync,947,No Error,1
2025-05-12 08:24:56.375626,User Profile,354,No Error,5
2025-05-12 08:23:56.375627,Auth Service,99,No Error,2
2025-05-12 08:22:56.375627,Auth Service,509,No Error,5
2025-05-12 08:20:56.375630,Auth Service,220,No Error,4
2025-05-12 08:19:56.375630,User Profile,474,No Error,3
2025-05-12 08:18:56.375631,User Profile,256,No Error,4
2025-05-12 08:17:56.375632,Data Sync,66,No Error,1
2025-05-12 08:16:56.375633,User Profile,769,401.0,2
2025-05-12 08:15:56.375634,Payment Gateway,446,No Error,2
2025-05-12 08:14:56.375635,Payment Gateway,204,503.0,1
2025-05-12 08:13:56.375636,Auth Service,515,No Error,5
2025-05-12 08:12:56.375636,Payment Gateway,58,401.0,3
2025-05-12 08:11:56.375637,Data Sync,580,No Error,5
2025-05-12 08:10:56.375638,User Profile,360,No Error,3
2025-05-12 08:09:56.375639,Data Sync,386,No Error,2
2025-05-12 08:08:56.375640,User Profile,565,No Error,1
2025-05-12 08:07:56.375641,Payment Gateway,126,No Error,5
2025-05-12 08:06:56.375642,User Profile,754,401.0,2
2025-05-12 08:05:56.375643,Auth Service,729,503.0,4
2025-05-12 08:04:56.375643,Auth Service,451,No Error,2
2025-05-12 08:03:56.375644,User Profile,852,No Error,2
2025-05-12 08:02:56.375645,Payment Gateway,860,No Error,3
2025-05-12 08:01:56.375646,Data Sync,393,No Error,1
2025-05-12 08:00:56.375647,Auth Service,165,401.0,1
2025-05-12 07:59:56.375648,Data Sync,469,No Error,2
2025-05-12 07:58:56.375648,User Profile,917,No Error,4
2025-05-12 07:57:56.375649,Auth Service,412,No Error,2
2025-05-12 07:55:56.375651,Payment Gateway,772,No Error,1
2025-05-12 07:53:56.375653,Auth Service,901,No Error,2
2025-05-12 07:52:56.375653,Data Sync,727,No Error,4
2025-05-12 07:51:56.375654,User Profile,723,No Error,2
2025-05-12 07:50:56.375655,Payment Gateway,336,500.0,1
2025-05-12 07:49:56.375656,Auth Service,784,No Error,3
2025-05-12 07:48:56.375657,Data Sync,62,No Error,1
2025-05-12 07:47:56.375658,User Profile,393,No Error,5
2025-05-12 07:46:56.375659,Payment Gateway,450,No Error,2
2025-05-12 07:45:56.375659,Payment Gateway,240,No Error,4
2025-05-12 07:44:56.375660,Payment Gateway,218,No Error,3
2025-05-12 07:43:56.375661,User Profile,534,No Error,3
2025-05-12 07:42:56.375662,User Profile,927,No Error,1
2025-05-12 07:41:56.375663,Payment Gateway,250,No Error,4
2025-05-12 07:40:56.375664,User Profile,422,No Error,3
2025-05-12 07:39:56.375664,Data Sync,274,503.0,3
2025-05-12 07:38:56.375665,Payment Gateway,926,No Error,1
2025-05-12 07:37:56.375666,Data Sync,505,No Error,2
2025-05-12 07:36:56.375667,User Profile,664,401.0,4
2025-05-12 07:35:56.375668,Data Sync,551,No Error,1
2025-05-12 07:34:56.375669,Auth Service,366,No Error,5
2025-05-12 07:33:56.375670,User Profile,135,No Error,2
2025-05-12 07:32:56.375670,Auth Service,635,No Error,3
2025-05-12 07:31:56.375671,Data Sync,567,No Error,2
2025-05-12 07:29:56.375673,Auth Service,722,No Error,1
2025-05-12 07:28:56.375674,User Profile,715,404.0,1
2025-05-12 07:27:56.375675,Auth Service,602,No Error,4
2025-05-12 07:26:56.375675,Payment Gateway,610,No Error,3
2025-05-12 07:25:56.375676,Payment Gateway,747,No Error,5
2025-05-12 07:24:56.375677,Auth Service,554,No Error,1
2025-05-12 07:22:56.375679,Payment Gateway,730,No Error,2
2025-05-12 07:21:56.375680,Data Sync,488,No Error,1
2025-05-12 07:20:56.375680,User Profile,766,500.0,3
2025-05-12 07:19:56.375681,User Profile,891,500.0,3
2025-05-12 07:18:56.375682,Auth Service,233,No Error,4
2025-05-12 07:17:56.375683,Payment Gateway,350,500.0,2
2025-05-12 07:16:56.375684,Data Sync,472,No Error,5
2025-05-12 07:15:56.375685,User Profile,459,No Error,5
2025-05-12 07:14:56.375685,Auth Service,61,No Error,1
2025-05-12 07:13:56.375686,Data Sync,646,No Error,4
2025-05-12 07:12:56.375687,Data Sync,517,No Error,4
2025-05-12 07:11:56.375688,Data Sync,280,No Error,2
2025-05-12 07:09:56.375690,Data Sync,450,503.0,3
2025-05-12 07:08:56.375690,User Profile,322,No Error,5
2025-05-12 07:07:56.375691,Auth Service,289,No Error,5
2025-05-12 07:06:56.375692,Auth Service,458,No Error,1
2025-05-12 07:05:56.375693,Auth Service,181,No Error,2
2025-05-12 07:04:56.375694,Auth Service,821,No Error,5
2025-05-12 07:03:56.375695,Auth Service,291,No Error,3
2025-05-12 07:02:56.375695,Payment Gateway,641,No Error,4
2025-05-12 07:01:56.375696,User Profile,532,No Error,4
2025-05-12 07:00:56.375697,User Profile,442,500.0,5
2025-05-12 06:59:56.375698,Auth Service,249,No Error,5
2025-05-12 06:58:56.375699,Data Sync,673,No Error,2
2025-05-12 06:57:56.375700,Auth Service,703,No Error,5
2025-05-12 06:56:56.375700,Payment Gateway,163,No Error,1
2025-05-12 06:55:56.375701,Payment Gateway,813,No Error,4
2025-05-12 06:54:56.375702,User Profile,615,No Error,5
2025-05-12 06:53:56.375703,Payment Gateway,799,404.0,4
2025-05-12 06:52:56.375704,User Profile,869,No Error,3
2025-05-12 06:51:56.375705,Payment Gateway,284,No Error,5
2025-05-12 06:50:56.375705,Data Sync,764,No Error,2
2025-05-12 06:49:56.375706,User Profile,243,No Error,4
2025-05-12 06:47:56.375708,Auth Service,567,No Error,3
2025-05-12 06:46:56.375709,User Profile,178,No Error,3
2025-05-12 06:45:56.375710,Auth Service,921,404.0,2
2025-05-12 06:44:56.375710,Payment Gateway,127,No Error,2
2025-05-12 06:43:56.375711,User Profile,456,404.0,2
2025-05-12 06:42:56.375712,Payment Gateway,215,No Error,5
2025-05-12 06:41:56.375713,User Profile,307,401.0,2
2025-05-12 06:40:56.375714,Data Sync,317,No Error,5
2025-05-12 06:39:56.375715,Data Sync,506,No Error,1
2025-05-12 06:38:56.375716,Data Sync,160,No Error,3
2025-05-12 06:36:56.375717,Data Sync,695,No Error,3
2025-05-12 06:35:56.375718,Auth Service,730,503.0,3
2025-05-12 06:34:56.375719,Data Sync,710,No Error,2
2025-05-12 06:33:56.375720,Data Sync,138,No Error,1
2025-05-12 06:32:56.375721,Data Sync,70,401.0,2
2025-05-12 06:31:56.375722,Auth Service,212,No Error,3
2025-05-12 06:30:56.375722,Data Sync,295,No Error,4
2025-05-12 06:29:56.375723,Payment Gateway,813,No Error,5
2025-05-12 06:28:56.375724,Payment Gateway,664,No Error,3
2025-05-12 06:27:56.375725,Data Sync,372,404.0,1
2025-05-12 06:26:56.375726,Payment Gateway,288,No Error,2
2025-05-12 06:25:56.375727,Data Sync,504,No Error,2
2025-05-12 06:24:56.375727,Payment Gateway,325,No Error,4
2025-05-12 06:23:56.375728,User Profile,422,No Error,1
2025-05-12 06:22:56.375729,Auth Service,158,No Error,2
2025-05-12 06:21:56.375730,Auth Service,419,No Error,5
2025-05-12 06:20:56.375731,Auth Service,675,No Error,2
2025-05-12 06:19:56.375732,User Profile,498,No Error,5
2025-05-12 06:18:56.375732,Data Sync,534,401.0,1
2025-05-12 06:17:56.375733,Data Sync,345,No Error,3
2025-05-12 06:16:56.375734,Data Sync,788,No Error,4
2025-05-12 06:15:56.375735,Auth Service,410,No Error,5
2025-05-12 06:14:56.375736,Payment Gateway,886,No Error,5
2025-05-12 06:13:56.375737,Payment Gateway,146,500.0,3
2025-05-12 06:12:56.375737,Data Sync,791,401.0,4
2025-05-12 06:10:56.375739,Auth Service,828,401.0,2
2025-05-12 06:09:56.375740,Auth Service,933,No Error,3
2025-05-12 06:08:56.375741,Payment Gateway,171,No Error,1
2025-05-12 06:07:56.375742,Auth Service,342,No Error,2
2025-05-12 06:06:56.375743,Payment Gateway,178,No Error,4
2025-05-12 06:05:56.375743,Data Sync,941,No Error,2
2025-05-12 06:04:56.375744,Auth Service,564,No Error,3
2025-05-12 06:03:56.375745,User Profile,224,No Error,4
2025-05-12 06:02:56.375746,Auth Service,847,503.0,2
2025-05-12 06:00:56.375748,User Profile,628,No Error,3
2025-05-12 05:59:56.375749,Data Sync,769,No Error,3
2025-05-12 05:58:56.375749,Auth Service,853,No Error,4
2025-05-12 05:56:56.375751,Payment Gateway,257,No Error,4
2025-05-12 05:55:56.375752,User Profile,185,No Error,1
2025-05-12 05:54:56.375753,Auth Service,50,No Error,4
2025-05-12 05:53:56.375754,User Profile,676,No Error,1
2025-05-12 05:52:56.375755,Data Sync,224,No Error,1
2025-05-12 05:51:56.375755,Auth Service,390,401.0,4
2025-05-12 05:50:56.375756,Data Sync,663,500.0,1
2025-05-12 05:49:56.375757,Data Sync,716,No Error,4
2025-05-12 05:48:56.375758,Auth Service,944,404.0,1
2025-05-12 05:47:56.375759,Payment Gateway,321,No Error,3
2025-05-12 05:46:56.375760,Payment Gateway,370,401.0,1
2025-05-12 05:45:56.375760,User Profile,307,No Error,1
2025-05-12 05:44:56.375761,User Profile,733,No Error,3
2025-05-12 05:43:56.375762,User Profile,641,No Error,5
2025-05-12 05:42:56.375763,User Profile,290,404.0,4
2025-05-12 05:41:56.375764,Auth Service,153,No Error,5
2025-05-12 05:40:56.375765,Auth Service,928,No Error,5
2025-05-12 05:39:56.375766,Data Sync,270,No Error,5
2025-05-12 05:38:56.375766,Auth Service,277,404.0,1
2025-05-12 05:37:56.375767,Auth Service,489,No Error,1
2025-05-12 05:36:56.375768,Auth Service,877,No Error,4
2025-05-12 05:35:56.375769,User Profile,641,No Error,5
2025-05-12 05:34:56.375770,Data Sync,377,No Error,5
2025-05-12 05:33:56.375771,Auth Service,104,500.0,2
2025-05-12 05:32:56.375771,Auth Service,711,No Error,4
2025-05-12 05:31:56.375772,User Profile,236,No Error,4
2025-05-12 05:30:56.375773,User Profile,503,No Error,4
2025-05-12 05:29:56.375774,Payment Gateway,147,404.0,1
2025-05-12 05:28:56.375775,Auth Service,167,No Error,5
2025-05-12 05:27:56.375776,Payment Gateway,259,No Error,3
2025-05-12 05:26:56.375777,Payment Gateway,730,No Error,2
2025-05-12 05:25:56.375777,Payment Gateway,600,404.0,3
2025-05-12 05:24:56.375778,User Profile,395,No Error,1
2025-05-12 05:23:56.375779,Payment Gateway,900,No Error,2
2025-05-12 05:22:56.375780,User Profile,468,No Error,2
2025-05-12 05:21:56.375781,User Profile,57,No Error,2
2025-05-12 05:20:56.375782,Auth Service,91,No Error,3
2025-05-12 05:19:56.375783,Auth Service,690,No Error,3
2025-05-12 05:17:56.375784,Auth Service,777,404.0,2
2025-05-12 05:16:56.375785,Data Sync,822,No Error,4
2025-05-12 05:15:56.375786,Payment Gateway,628,No Error,3
2025-05-12 05:14:56.375787,Payment Gateway,439,No Error,1
2025-05-12 05:13:56.375788,Data Sync,473,No Error,5
2025-05-12 05:12:56.375789,Data Sync,701,No Error,4
2025-05-12 05:11:56.375789,User Profile,208,500.0,4
2025-05-12 05:10:56.375790,Auth Service,409,No Error,1
2025-05-12 05:09:56.375791,Auth Service,280,No Error,4
2025-05-12 05:08:56.375792,Auth Service,307,No Error,4
2025-05-12 05:07:56.375793,Data Sync,665,No Error,1
2025-05-12 05:06:56.375794,User Profile,629,No Error,1
2025-05-12 05:05:56.375794,Data Sync,333,No Error,4
2025-05-12 05:03:56.375796,Data Sync,609,No Error,1
2025-05-12 05:02:56.375797,Data Sync,645,No Error,3
2025-05-12 05:01:56.375798,User Profile,256,No Error,1
2025-05-12 04:59:56.375800,Data Sync,839,No Error,3
2025-05-12 04:58:56.375800,Auth Service,454,No Error,5
2025-05-12 04:57:56.375801,Payment Gateway,709,No Error,4
2025-05-12 04:56:56.375802,Auth Service,188,No Error,2
2025-05-12 04:55:56.375803,Payment Gateway,582,No Error,5
2025-05-12 04:54:56.375804,User Profile,539,401.0,3
2025-05-12 04:53:56.375805,Auth Service,597,No Error,5
2025-05-12 04:52:56.375805,Data Sync,228,No Error,2
2025-05-12 04:51:56.375806,User Profile,97,No Error,3
2025-05-12 04:50:56.375807,Auth Service,384,No Error,5
2025-05-12 04:49:56.375808,Payment Gateway,321,No Error,3
2025-05-12 04:48:56.375809,User Profile,942,404.0,3
2025-05-12 04:47:56.375810,Auth Service,202,No Error,1
2025-05-12 04:46:56.375811,Auth Service,161,404.0,4
2025-05-12 04:45:56.375811,Payment Gateway,604,401.0,4
2025-05-12 04:44:56.375812,Data Sync,397,No Error,3
2025-05-12 04:43:56.375813,Auth Service,787,No Error,1
2025-05-12 04:42:56.375814,Payment Gateway,683,No Error,4
2025-05-12 04:41:56.375815,Auth Service,230,No Error,2
2025-05-12 04:40:56.375816,Auth Service,707,No Error,3
2025-05-12 04:39:56.375817,Data Sync,90,No Error,5
2025-05-12 04:38:56.375817,User Profile,89,401.0,5
2025-05-12 04:37:56.375818,Data Sync,681,No Error,2
2025-05-12 04:36:56.375819,Payment Gateway,844,401.0,4
2025-05-12 04:35:56.375820,User Profile,807,No Error,3
2025-05-12 04:33:56.375822,Data Sync,801,No Error,2
2025-05-12 04:32:56.375822,Payment Gateway,123,404.0,5
2025-05-12 04:31:56.375823,Data Sync,728,No Error,1
2025-05-12 04:30:56.375824,User Profile,654,No Error,5
2025-05-12 04:29:56.375825,User Profile,274,No Error,5
2025-05-12 04:28:56.375826,Payment Gateway,372,No Error,4
2025-05-12 04:27:56.375827,Payment Gateway,550,No Error,3
2025-05-12 04:26:56.375828,Payment Gateway,316,No Error,2
2025-05-12 04:25:56.375828,Payment Gateway,271,No Error,2
2025-05-12 04:23:56.375830,User Profile,510,No Error,3
2025-05-12 04:22:56.375831,Payment Gateway,493,No Error,5
2025-05-12 04:21:56.375832,Auth Service,213,No Error,1
2025-05-12 04:20:56.375833,Auth Service,872,No Error,2
2025-05-12 04:19:56.375834,Auth Service,262,No Error,2
2025-05-12 04:18:56.375834,Auth Service,456,No Error,2
2025-05-12 04:17:56.375835,Payment Gateway,291,No Error,5
2025-05-12 04:16:56.375836,Payment Gateway,514,401.0,4
2025-05-12 04:15:56.375837,Data Sync,752,401.0,1
2025-05-12 04:14:56.375838,Auth Service,884,No Error,2
2025-05-12 04:13:56.375839,Payment Gateway,704,No Error,4
2025-05-12 04:12:56.375840,Data Sync,72,No Error,5
2025-05-12 04:11:56.375840,Auth Service,947,503.0,2
2025-05-12 04:10:56.375841,Payment Gateway,226,No Error,5
2025-05-12 04:09:56.375842,Auth Service,352,No Error,1
2025-05-12 04:08:56.375843,Data Sync,94,500.0,4
2025-05-12 04:07:56.375844,Auth Service,746,401.0,1
2025-05-12 04:06:56.375845,Payment Gateway,190,No Error,4
2025-05-12 04:05:56.375845,Payment Gateway,736,500.0,2
2025-05-12 04:04:56.375846,User Profile,298,No Error,2
2025-05-12 04:03:56.375847,Payment Gateway,809,No Error,4
2025-05-12 04:02:56.375848,Data Sync,163,No Error,2
2025-05-12 04:01:56.375849,User Profile,750,No Error,1
2025-05-12 04:00:56.375850,Auth Service,524,No Error,2
2025-05-12 03:59:56.375851,Auth Service,947,No Error,5
2025-05-12 03:58:56.375851,Payment Gateway,477,No Error,5
2025-05-12 03:57:56.375852,Auth Service,61,No Error,5
2025-05-12 03:56:56.375853,User Profile,406,No Error,5
2025-05-12 03:55:56.375854,User Profile,379,401.0,1
2025-05-12 03:54:56.375855,User Profile,200,404.0,2
2025-05-12 03:53:56.375856,Payment Gateway,566,No Error,5
2025-05-12 03:52:56.375857,Data Sync,445,404.0,5
2025-05-12 03:51:56.375857,Data Sync,721,No Error,5
2025-05-12 03:50:56.375858,Auth Service,333,No Error,2
2025-05-12 03:49:56.375859,Data Sync,195,No Error,2
2025-05-12 03:48:56.375860,Auth Service,839,404.0,3
2025-05-12 03:47:56.375861,User Profile,352,No Error,3
2025-05-12 03:46:56.375862,Auth Service,538,503.0,3
2025-05-12 03:45:56.375863,Data Sync,831,No Error,2
2025-05-12 03:44:56.375864,User Profile,735,No Error,3
2025-05-12 03:43:56.375864,Payment Gateway,671,No Error,5
2025-05-12 03:42:56.375865,User Profile,525,No Error,1
2025-05-12 03:41:56.375866,Data Sync,413,No Error,1
2025-05-12 03:40:56.375867,Data Sync,298,No Error,5
2025-05-12 03:39:56.375868,User Profile,268,No Error,3
2025-05-12 03:38:56.375869,Data Sync,296,No Error,5
2025-05-12 03:37:56.375870,Data Sync,326,503.0,5
2025-05-12 03:35:56.375871,User Profile,240,404.0,5
2025-05-12 03:33:56.375873,Auth Service,848,No Error,5
2025-05-12 03:32:56.375874,Auth Service,93,No Error,2
2025-05-12 03:31:56.375875,User Profile,733,No Error,4
2025-05-12 03:30:56.375876,Auth Service,671,No Error,1
2025-05-12 03:29:56.375877,Data Sync,623,No Error,5
2025-05-12 03:28:56.375877,User Profile,92,No Error,2
2025-05-12 03:25:56.375880,Data Sync,626,No Error,5
2025-05-12 03:24:56.375881,Auth Service,255,No Error,3
2025-05-12 03:23:56.375882,Data Sync,459,No Error,3
2025-05-12 03:22:56.375882,Auth Service,196,No Error,3
2025-05-12 03:21:56.375883,Data Sync,821,No Error,1
2025-05-12 03:20:56.375884,Data Sync,414,No Error,1
2025-05-12 03:19:56.375885,Auth Service,609,No Error,2
2025-05-12 03:18:56.375886,Data Sync,679,No Error,2
2025-05-12 03:17:56.375887,Data Sync,236,No Error,5
2025-05-12 03:16:56.375888,Auth Service,115,No Error,3
2025-05-12 03:15:56.375888,User Profile,254,No Error,4
2025-05-12 03:14:56.375889,User Profile,927,No Error,4
2025-05-12 03:12:56.375891,Data Sync,267,500.0,1
2025-05-12 03:11:56.375892,Payment Gateway,946,No Error,1
2025-05-12 03:10:56.375893,Data Sync,145,No Error,3
2025-05-12 03:09:56.375893,Auth Service,383,500.0,5
2025-05-12 03:08:56.375894,User Profile,673,No Error,5
2025-05-12 03:07:56.375895,Auth Service,149,500.0,4
2025-05-12 03:06:56.375896,Data Sync,208,No Error,5
2025-05-12 03:05:56.375897,Auth Service,238,No Error,4
2025-05-12 03:04:56.375898,Payment Gateway,703,No Error,5
2025-05-12 03:03:56.375899,User Profile,495,No Error,3
2025-05-12 03:02:56.375899,User Profile,939,No Error,1
2025-05-12 03:01:56.375900,User Profile,733,404.0,2
2025-05-12 03:00:56.375901,Payment Gateway,617,500.0,3
2025-05-12 02:59:56.375902,User Profile,736,401.0,5
2025-05-12 02:58:56.375903,Auth Service,541,500.0,5
2025-05-12 02:57:56.375904,Payment Gateway,577,No Error,3
2025-05-12 02:56:56.375905,Data Sync,598,No Error,1
2025-05-12 02:55:56.375906,Auth Service,138,No Error,4
2025-05-12 02:54:56.375906,Payment Gateway,792,No Error,4
2025-05-12 02:53:56.375907,User Profile,277,No Error,2
2025-05-12 02:52:56.375908,Data Sync,594,No Error,2
2025-05-12 02:51:56.375909,Payment Gateway,548,No Error,3
2025-05-12 02:50:56.375910,Auth Service,159,No Error,5
2025-05-12 02:49:56.375911,Data Sync,458,No Error,1
2025-05-12 02:48:56.375912,User Profile,848,No Error,3
2025-05-12 02:47:56.375912,User Profile,542,No Error,2
2025-05-12 02:45:56.375914,Auth Service,129,No Error,2
2025-05-12 02:44:56.375915,User Profile,273,No Error,1
2025-05-12 02:43:56.375916,Data Sync,599,No Error,5
2025-05-12 02:42:56.375917,Data Sync,83,No Error,5
2025-05-12 02:41:56.375918,Data Sync,145,No Error,2
2025-05-12 02:40:56.375918,Data Sync,768,503.0,3
2025-05-12 02:39:56.375919,Auth Service,211,503.0,2
2025-05-12 02:38:56.375920,Data Sync,577,No Error,3
2025-05-12 02:37:56.375921,Data Sync,795,No Error,1
2025-05-12 02:36:56.375922,Data Sync,554,No Error,5
2025-05-12 02:35:56.375923,Payment Gateway,139,No Error,3
2025-05-12 02:34:56.375923,User Profile,665,No Error,3
2025-05-12 02:33:56.375924,Payment Gateway,875,No Error,1
2025-05-12 02:32:56.375925,User Profile,608,No Error,5
2025-05-12 02:31:56.375926,User Profile,804,500.0,2
2025-05-12 02:30:56.375927,User Profile,424,No Error,2
2025-05-12 02:29:56.375928,Payment Gateway,261,404.0,3
2025-05-12 02:28:56.375929,Data Sync,184,No Error,1
2025-05-12 02:27:56.375929,Data Sync,206,No Error,2
2025-05-12 02:26:56.375930,Auth Service,305,No Error,5
2025-05-12 02:25:56.375931,User Profile,286,No Error,3
2025-05-12 02:24:56.375932,Data Sync,61,404.0,2
2025-05-12 02:23:56.375933,Payment Gateway,384,No Error,2
2025-05-12 02:22:56.375934,Data Sync,289,No Error,2
2025-05-12 02:21:56.375934,Data Sync,681,No Error,2
2025-05-12 02:20:56.375935,Data Sync,529,404.0,3
2025-05-12 02:19:56.375936,Payment Gateway,211,404.0,5
2025-05-12 02:18:56.375937,Auth Service,587,No Error,3
2025-05-12 02:17:56.375938,User Profile,122,No Error,5
2025-05-12 02:16:56.375939,User Profile,490,No Error,5
2025-05-12 02:15:56.375940,Payment Gateway,514,No Error,2
2025-05-12 02:14:56.375940,Payment Gateway,314,No Error,3
2025-05-12 02:13:56.375941,Data Sync,877,No Error,1
2025-05-12 02:12:56.375942,User Profile,515,No Error,5
2025-05-12 02:11:56.375943,Data Sync,255,No Error,2
2025-05-12 02:10:56.375944,Auth Service,387,No Error,2
2025-05-12 02:09:56.375945,Auth Service,249,No Error,2
2025-05-12 02:08:56.375945,Payment Gateway,486,404.0,5
2025-05-12 02:07:56.375946,Auth Service,561,503.0,4
2025-05-12 02:06:56.375947,Auth Service,479,No Error,1
2025-05-12 02:05:56.375948,Auth Service,894,No Error,2
2025-05-12 02:04:56.375949,Payment Gateway,634,503.0,2
2025-05-12 02:03:56.375950,Data Sync,250,No Error,5
2025-05-12 02:02:56.375951,Data Sync,939,401.0,1
2025-05-12 02:01:56.375951,Payment Gateway,307,No Error,5
2025-05-12 02:00:56.375952,Data Sync,385,No Error,5
2025-05-12 01:59:56.375953,Data Sync,255,No Error,4
2025-05-12 01:58:56.375954,Data Sync,380,No Error,5
2025-05-12 01:57:56.375955,Payment Gateway,487,No Error,4
2025-05-12 01:56:56.375956,Data Sync,573,No Error,4
2025-05-12 01:55:56.375956,Auth Service,182,No Error,4
2025-05-12 01:54:56.375957,Data Sync,778,No Error,2
2025-05-12 01:53:56.375958,Payment Gateway,536,No Error,4
2025-05-12 01:52:56.375959,Data Sync,454,No Error,4
2025-05-12 01:51:56.375960,Data Sync,70,No Error,4
2025-05-12 01:50:56.375961,Auth Service,313,404.0,2
2025-05-12 01:49:56.375962,Auth Service,542,No Error,4
2025-05-12 01:48:56.375963,User Profile,223,No Error,5
2025-05-12 01:47:56.375963,User Profile,150,No Error,5
2025-05-12 01:46:56.375964,User Profile,559,No Error,3
2025-05-12 01:45:56.375965,Data Sync,212,No Error,5
2025-05-12 01:44:56.375966,Payment Gateway,940,503.0,2
2025-05-12 01:43:56.375967,Data Sync,347,No Error,4
2025-05-12 01:42:56.375968,Auth Service,794,503.0,5
2025-05-12 01:40:56.375969,User Profile,469,500.0,1
2025-05-12 01:39:56.375970,Auth Service,633,No Error,5
2025-05-12 01:38:56.375971,Payment Gateway,843,No Error,3
2025-05-12 01:37:56.375972,Data Sync,99,No Error,5
2025-05-12 01:36:56.375973,Data Sync,305,No Error,3
2025-05-12 01:35:56.375974,Auth Service,753,No Error,3
2025-05-12 01:34:56.375974,Data Sync,367,No Error,5
2025-05-12 01:33:56.375975,User Profile,326,No Error,5
2025-05-12 01:32:56.375976,Payment Gateway,511,No Error,4
2025-05-12 01:31:56.375977,Payment Gateway,497,No Error,3
2025-05-12 01:29:56.375979,Data Sync,450,503.0,1
2025-05-12 01:28:56.375980,Payment Gateway,436,No Error,4
2025-05-12 01:27:56.375980,Data Sync,114,No Error,2
2025-05-12 01:26:56.375981,Auth Service,915,No Error,5
2025-05-12 01:25:56.375982,Payment Gateway,127,401.0,4
2025-05-12 01:24:56.375983,User Profile,795,No Error,3
2025-05-12 01:23:56.375984,User Profile,344,No Error,5
2025-05-12 01:22:56.375985,Payment Gateway,605,No Error,5
2025-05-12 01:21:56.375985,Data Sync,782,500.0,5
2025-05-12 01:20:56.375986,Data Sync,557,No Error,4
2025-05-12 01:19:56.375987,Auth Service,201,No Error,5
2025-05-12 01:18:56.375988,Data Sync,608,No Error,2
2025-05-12 01:17:56.375989,Payment Gateway,312,No Error,2
2025-05-12 01:16:56.375990,Payment Gateway,631,No Error,3
2025-05-12 01:15:56.375991,Payment Gateway,610,No Error,2
2025-05-12 01:14:56.375991,User Profile,369,No Error,2
2025-05-12 01:13:56.375992,Auth Service,110,404.0,1
2025-05-12 01:12:56.375993,Auth Service,493,No Error,2
2025-05-12 01:11:56.375994,Data Sync,520,No Error,3
2025-05-12 01:10:56.375995,Data Sync,939,No Error,3
2025-05-12 01:09:56.375996,Auth Service,131,404.0,2
2025-05-12 01:08:56.375997,Auth Service,487,No Error,2
2025-05-12 01:07:56.375997,Auth Service,874,No Error,4
2025-05-12 01:06:56.375998,Data Sync,428,No Error,1
2025-05-12 01:05:56.375999,User Profile,551,500.0,5
2025-05-12 01:04:56.376000,Data Sync,330,No Error,3
2025-05-12 01:03:56.376001,User Profile,418,No Error,3
2025-05-12 01:02:56.376002,Data Sync,166,500.0,2
2025-05-12 01:00:56.376003,User Profile,267,No Error,4
2025-05-12 00:59:56.376004,Auth Service,765,No Error,4
2025-05-12 00:58:56.376005,Data Sync,855,503.0,1
2025-05-12 00:57:56.376006,Data Sync,324,503.0,5
2025-05-12 00:56:56.376007,Payment Gateway,489,No Error,3
2025-05-12 00:55:56.376008,User Profile,223,No Error,2
2025-05-12 00:54:56.376009,Data Sync,307,No Error,4
2025-05-12 00:53:56.376009,User Profile,457,No Error,5
2025-05-12 00:52:56.376010,Payment Gateway,83,No Error,2
2025-05-12 00:51:56.376011,User Profile,197,401.0,3
2025-05-12 00:50:56.376012,Payment Gateway,913,503.0,1
2025-05-12 00:49:56.376013,Auth Service,726,No Error,4
2025-05-12 00:48:56.376014,Payment Gateway,248,No Error,5
2025-05-12 00:47:56.376015,User Profile,855,No Error,5
2025-05-12 00:46:56.376015,Data Sync,843,No Error,3
2025-05-12 00:45:56.376016,Payment Gateway,71,No Error,3
2025-05-12 00:44:56.376017,Data Sync,459,503.0,2
2025-05-12 00:43:56.376018,Auth Service,65,No Error,2
2025-05-12 00:42:56.376019,User Profile,407,No Error,5
2025-05-12 00:41:56.376020,Data Sync,108,401.0,1
2025-05-12 00:40:56.376020,User Profile,523,No Error,1
2025-05-12 00:39:56.376021,Auth Service,701,500.0,4
2025-05-12 00:38:56.376022,User Profile,85,503.0,2
2025-05-12 00:37:56.376023,Data Sync,835,No Error,5
2025-05-12 00:36:56.376024,Payment Gateway,915,401.0,3
2025-05-12 00:35:56.376025,Payment Gateway,447,No Error,3
2025-05-12 00:34:56.376026,Payment Gateway,787,No Error,4
2025-05-12 00:33:56.376027,Data Sync,796,No Error,4
2025-05-12 00:32:56.376027,Payment Gateway,840,401.0,3
2025-05-12 00:31:56.376028,Data Sync,336,No Error,4
2025-05-12 00:30:56.376029,Data Sync,389,No Error,4
2025-05-12 00:29:56.376030,Payment Gateway,452,No Error,2
2025-05-12 00:28:56.376031,Auth Service,830,No Error,1
2025-05-12 00:27:56.376032,Payment Gateway,689,No Error,1
2025-05-12 00:26:56.376032,Data Sync,156,No Error,4
2025-05-12 00:25:56.376033,Data Sync,760,No Error,2
2025-05-12 00:24:56.376034,Data Sync,842,No Error,4
2025-05-12 00:23:56.376035,Data Sync,917,No Error,3
2025-05-12 00:22:56.376036,Auth Service,83,No Error,4
2025-05-12 00:21:56.376037,User Profile,846,No Error,5
2025-05-12 00:20:56.376038,Auth Service,472,No Error,5
2025-05-12 00:19:56.376038,Auth Service,648,No Error,1
2025-05-12 00:18:56.376039,Payment Gateway,133,No Error,4
2025-05-12 00:17:56.376040,Payment Gateway,110,No Error,4
2025-05-12 00:16:56.376041,Data Sync,897,No Error,3
2025-05-12 00:15:56.376042,Data Sync,738,No Error,1
2025-05-12 00:14:56.376043,Payment Gateway,913,No Error,4
2025-05-12 00:13:56.376043,Data Sync,660,No Error,4
2025-05-12 00:12:56.376044,Data Sync,542,503.0,5
2025-05-12 00:11:56.376045,Data Sync,345,401.0,5
2025-05-12 00:10:56.376046,Auth Service,68,No Error,2
2025-05-12 00:09:56.376047,Auth Service,789,No Error,1
2025-05-12 00:08:56.376048,User Profile,90,No Error,4
2025-05-12 00:07:56.376049,Auth Service,337,No Error,4
2025-05-12 00:06:56.376049,Auth Service,441,No Error,2
2025-05-12 00:05:56.376050,User Profile,529,No Error,4
2025-05-12 00:04:56.376051,Data Sync,526,500.0,4
2025-05-12 00:03:56.376052,Auth Service,486,No Error,2
2025-05-12 00:02:56.376053,Auth Service,859,No Error,2
2025-05-12 00:01:56.376054,User Profile,738,No Error,4
2025-05-12 00:00:56.376054,Data Sync,128,500.0,5
2025-05-11 23:59:56.376055,Data Sync,468,No Error,2
2025-05-11 23:58:56.376056,Auth Service,195,No Error,3
2025-05-11 23:56:56.376058,User Profile,581,No Error,5
2025-05-11 23:55:56.376059,Auth Service,315,No Error,2
2025-05-11 23:54:56.376060,User Profile,753,No Error,5
2025-05-11 23:53:56.376060,Data Sync,353,No Error,1
2025-05-11 23:52:56.376061,Data Sync,890,No Error,5
2025-05-11 23:51:56.376062,Auth Service,286,No Error,4
2025-05-11 23:50:56.376063,Data Sync,385,No Error,4
2025-05-11 23:49:56.376064,Data Sync,303,No Error,2
2025-05-11 23:48:56.376065,Data Sync,656,No Error,1
2025-05-11 23:47:56.376066,Auth Service,548,No Error,3
2025-05-11 23:46:56.376066,Auth Service,533,No Error,2
2025-05-11 23:45:56.376067,Payment Gateway,96,No Error,4
2025-05-11 23:44:56.376068,User Profile,465,No Error,1
2025-05-11 23:42:56.376070,Data Sync,431,401.0,3
2025-05-11 23:41:56.376071,Data Sync,761,500.0,2
2025-05-11 23:40:56.376072,User Profile,269,No Error,5
2025-05-11 23:39:56.376073,User Profile,497,No Error,4
2025-05-11 23:38:56.376073,User Profile,772,503.0,4
2025-05-11 23:37:56.376074,Data Sync,659,No Error,3
2025-05-11 23:36:56.376075,Auth Service,640,No Error,4
2025-05-11 23:35:56.376076,Payment Gateway,697,No Error,5
2025-05-11 23:34:56.376077,Payment Gateway,634,No Error,2
2025-05-11 23:33:56.376078,Auth Service,724,No Error,5
2025-05-11 23:32:56.376078,User Profile,804,404.0,1
2025-05-11 23:31:56.376079,Data Sync,769,No Error,3
2025-05-11 23:30:56.376080,Data Sync,433,No Error,2
2025-05-11 23:29:56.376081,Payment Gateway,316,No Error,5
2025-05-11 23:28:56.376082,Data Sync,456,No Error,4
2025-05-11 23:27:56.376083,User Profile,931,No Error,2
2025-05-11 23:26:56.376083,Auth Service,703,No Error,4
2025-05-11 23:25:56.376084,User Profile,238,No Error,4
2025-05-11 23:24:56.376085,Data Sync,339,No Error,1
2025-05-11 23:23:56.376086,Data Sync,496,No Error,4
2025-05-11 23:22:56.376087,Auth Service,861,No Error,1
2025-05-11 23:21:56.376088,Payment Gateway,153,No Error,2
2025-05-11 23:20:56.376089,Auth Service,78,No Error,5
2025-05-11 23:19:56.376089,Data Sync,859,No Error,2
2025-05-11 23:18:56.376090,Payment Gateway,310,503.0,2
2025-05-11 23:17:56.376091,Auth Service,118,No Error,5
2025-05-11 23:16:56.376092,Data Sync,787,No Error,4
2025-05-11 23:15:56.376093,User Profile,812,No Error,2
2025-05-11 23:14:56.376094,Auth Service,667,No Error,5
2025-05-11 23:13:56.376095,Payment Gateway,857,No Error,3
2025-05-11 23:12:56.376095,Auth Service,865,No Error,3
2025-05-11 23:11:56.376096,Payment Gateway,795,No Error,5
2025-05-11 23:10:56.376097,Payment Gateway,779,401.0,4
2025-05-11 23:09:56.376098,User Profile,297,No Error,3
2025-05-11 23:08:56.376099,Data Sync,150,No Error,3
2025-05-11 23:07:56.376100,User Profile,610,No Error,5
2025-05-11 23:06:56.376100,Auth Service,771,No Error,1
2025-05-11 23:05:56.376101,User Profile,489,No Error,5
2025-05-11 23:04:56.376102,Data Sync,110,No Error,4
2025-05-11 23:03:56.376103,Auth Service,120,No Error,2
2025-05-11 23:02:56.376104,Auth Service,634,No Error,5
2025-05-11 23:01:56.376105,Data Sync,301,No Error,5
2025-05-11 23:00:56.376106,Data Sync,555,500.0,1
2025-05-11 22:59:56.376106,User Profile,113,No Error,1
2025-05-11 22:55:56.376110,User Profile,156,No Error,1
2025-05-11 22:54:56.376111,Payment Gateway,301,No Error,4
2025-05-11 22:53:56.376112,Auth Service,878,No Error,3
2025-05-11 22:52:56.376112,Data Sync,845,No Error,2
2025-05-11 22:51:56.376113,Data Sync,216,503.0,3
2025-05-11 22:50:56.376114,Data Sync,556,503.0,2
2025-05-11 22:49:56.376115,Payment Gateway,432,No Error,2
2025-05-11 22:48:56.376116,User Profile,482,No Error,3
2025-05-11 22:47:56.376117,User Profile,164,No Error,2
2025-05-11 22:46:56.376117,User Profile,482,404.0,2
2025-05-11 22:45:56.376118,User Profile,631,No Error,3
2025-05-11 22:44:56.376119,User Profile,803,No Error,4
2025-05-11 22:43:56.376120,User Profile,752,500.0,5
2025-05-11 22:42:56.376121,Payment Gateway,55,No Error,4
2025-05-11 22:41:56.376122,Auth Service,449,No Error,3
2025-05-11 22:40:56.376123,Data Sync,451,No Error,4
2025-05-11 22:39:56.376123,Auth Service,239,401.0,1
2025-05-11 22:38:56.376124,Data Sync,205,404.0,3
2025-05-11 22:37:56.376125,Data Sync,547,No Error,1
2025-05-11 22:36:56.376126,Auth Service,639,No Error,3
2025-05-11 22:35:56.376127,Auth Service,424,No Error,1
2025-05-11 22:34:56.376128,Auth Service,698,No Error,1
2025-05-11 22:33:56.376128,User Profile,169,No Error,1
2025-05-11 22:32:56.376129,Data Sync,521,No Error,3
2025-05-11 22:31:56.376130,Auth Service,56,No Error,5
2025-05-11 22:30:56.376131,Auth Service,858,No Error,3
2025-05-11 22:29:56.376132,Data Sync,431,No Error,2
2025-05-11 22:28:56.376133,Auth Service,168,No Error,1
2025-05-11 22:27:56.376134,Payment Gateway,183,404.0,1
2025-05-11 22:26:56.376134,User Profile,176,No Error,4
2025-05-11 22:25:56.376135,Auth Service,800,No Error,2
2025-05-11 22:24:56.376136,User Profile,454,No Error,4
2025-05-11 22:23:56.376137,User Profile,625,No Error,3
2025-05-11 22:22:56.376138,Payment Gateway,156,No Error,2
2025-05-11 22:21:56.376139,Auth Service,249,401.0,4
2025-05-11 22:20:56.376139,Payment Gateway,412,No Error,2
2025-05-11 22:19:56.376140,User Profile,583,No Error,3
2025-05-11 22:18:56.376141,Payment Gateway,924,No Error,4
2025-05-11 22:17:56.376142,Auth Service,185,No Error,2
2025-05-11 22:16:56.376143,Auth Service,167,No Error,3
2025-05-11 22:15:56.376144,Data Sync,909,404.0,1
2025-05-11 22:14:56.376145,Auth Service,544,No Error,3
2025-05-11 22:13:56.376145,Data Sync,606,No Error,5
2025-05-11 22:12:56.376146,User Profile,229,No Error,4
2025-05-11 22:11:56.376147,User Profile,868,No Error,4
2025-05-11 22:10:56.376148,User Profile,641,503.0,5
2025-05-11 22:09:56.376149,User Profile,117,No Error,1
2025-05-11 22:08:56.376150,Auth Service,274,No Error,5
2025-05-11 22:07:56.376151,User Profile,90,No Error,1
2025-05-11 22:06:56.376151,Payment Gateway,628,503.0,3
2025-05-11 22:05:56.376152,User Profile,564,No Error,3
2025-05-11 22:04:56.376153,User Profile,807,No Error,2
2025-05-11 22:03:56.376154,User Profile,546,No Error,1
2025-05-11 22:02:56.376155,Payment Gateway,230,404.0,4
2025-05-11 22:01:56.376156,Payment Gateway,193,No Error,4
2025-05-11 21:59:56.376158,Auth Service,279,No Error,3
2025-05-11 21:58:56.376158,User Profile,487,No Error,5
2025-05-11 21:57:56.376159,Payment Gateway,654,401.0,4
2025-05-11 21:56:56.376160,Auth Service,833,No Error,2
2025-05-11 21:55:56.376161,User Profile,822,401.0,4
2025-05-11 21:54:56.376162,Payment Gateway,250,500.0,2
2025-05-11 21:53:56.376163,Auth Service,916,No Error,5
2025-05-11 21:52:56.376163,User Profile,730,No Error,3
2025-05-11 21:51:56.376164,Data Sync,579,No Error,1
2025-05-11 21:49:56.376166,Auth Service,226,No Error,3
2025-05-11 21:48:56.376167,User Profile,334,No Error,2
2025-05-11 21:47:56.376168,Data Sync,797,500.0,2
2025-05-11 21:46:56.376169,Payment Gateway,635,No Error,2
2025-05-11 21:45:56.376169,Data Sync,915,No Error,2
2025-05-11 21:44:56.376170,Auth Service,814,No Error,5
2025-05-11 21:43:56.376171,User Profile,797,404.0,5
2025-05-11 21:42:56.376172,Data Sync,120,404.0,2
2025-05-11 21:41:56.376173,Data Sync,947,No Error,3
2025-05-11 21:40:56.376174,Data Sync,239,503.0,5
2025-05-11 21:39:56.376175,Payment Gateway,325,No Error,3
2025-05-11 21:38:56.376175,User Profile,429,No Error,3
2025-05-11 21:37:56.376176,Payment Gateway,770,401.0,3
2025-05-11 21:36:56.376177,User Profile,618,No Error,2
2025-05-11 21:35:56.376178,User Profile,486,No Error,2
2025-05-11 21:34:56.376179,Payment Gateway,343,No Error,3
2025-05-11 21:33:56.376180,Auth Service,62,404.0,5
2025-05-11 21:32:56.376180,Payment Gateway,803,No Error,1
2025-05-11 21:31:56.376181,Auth Service,819,No Error,2
2025-05-11 21:30:56.376182,User Profile,83,No Error,3
2025-05-11 21:29:56.376183,Auth Service,721,No Error,5
2025-05-11 21:28:56.376184,Auth Service,694,No Error,4
2025-05-11 21:27:56.376185,User Profile,216,404.0,5
2025-05-11 21:26:56.376186,Data Sync,110,No Error,5
2025-05-11 21:25:56.376186,Auth Service,822,No Error,2
2025-05-11 21:24:56.376187,Data Sync,613,No Error,2
2025-05-11 21:23:56.376188,Payment Gateway,266,No Error,4
2025-05-11 21:21:56.376190,User Profile,749,No Error,3
2025-05-11 21:20:56.376191,User Profile,627,404.0,3
2025-05-11 21:19:56.376191,Data Sync,140,No Error,4
2025-05-11 21:18:56.376192,Auth Service,707,No Error,3
2025-05-11 21:17:56.376193,Payment Gateway,230,No Error,4
2025-05-11 21:16:56.376194,Auth Service,754,No Error,3
2025-05-11 21:15:56.376195,Payment Gateway,186,No Error,5
2025-05-11 21:14:56.376196,User Profile,342,No Error,5
2025-05-11 21:13:56.376197,User Profile,601,No Error,1
2025-05-11 21:12:56.376197,Payment Gateway,511,500.0,4
2025-05-11 21:11:56.376198,User Profile,291,No Error,4
2025-05-11 21:10:56.376199,Auth Service,278,No Error,1
2025-05-11 21:09:56.376200,Auth Service,787,No Error,3
2025-05-11 21:08:56.376201,Data Sync,568,401.0,1
2025-05-11 21:07:56.376202,Auth Service,316,500.0,5
2025-05-11 21:06:56.376202,Data Sync,53,500.0,2
2025-05-11 21:05:56.376203,Data Sync,902,No Error,5
2025-05-11 21:03:56.376205,Auth Service,414,No Error,1
2025-05-11 21:02:56.376206,Payment Gateway,381,No Error,2
2025-05-11 21:01:56.376207,Auth Service,123,No Error,2
2025-05-11 20:59:56.376208,Data Sync,894,No Error,1
2025-05-11 20:57:56.376210,User Profile,181,No Error,2
2025-05-11 20:56:56.376211,User Profile,942,No Error,5
2025-05-11 20:55:56.376212,Data Sync,271,No Error,1
2025-05-11 20:54:56.376213,Auth Service,764,503.0,3
2025-05-11 20:53:56.376214,Data Sync,582,No Error,1
2025-05-11 20:52:56.376214,Auth Service,500,No Error,2
2025-05-11 20:51:56.376215,Data Sync,659,503.0,3
2025-05-11 20:50:56.376216,Payment Gateway,229,No Error,1
2025-05-11 20:49:56.376217,User Profile,70,No Error,2
2025-05-11 20:48:56.376218,User Profile,416,No Error,5
2025-05-11 20:47:56.376219,Data Sync,303,503.0,1
2025-05-11 20:46:56.376219,User Profile,397,No Error,1
2025-05-11 20:45:56.376220,Payment Gateway,76,No Error,2
2025-05-11 20:44:56.376221,Auth Service,913,No Error,1
2025-05-11 20:43:56.376222,Payment Gateway,705,No Error,5
2025-05-11 20:42:56.376223,User Profile,771,No Error,1
2025-05-11 20:41:56.376224,User Profile,227,No Error,3
2025-05-11 20:40:56.376225,Data Sync,633,No Error,4
2025-05-11 20:39:56.376225,User Profile,437,500.0,3
2025-05-11 20:38:56.376226,User Profile,481,404.0,4
2025-05-11 20:37:56.376227,Payment Gateway,285,No Error,3
2025-05-11 20:36:56.376228,Data Sync,730,No Error,1
2025-05-11 20:35:56.376229,Data Sync,753,No Error,1
2025-05-11 20:34:56.376230,Payment Gateway,142,No Error,5
2025-05-11 20:33:56.376230,Payment Gateway,84,No Error,5
2025-05-11 20:32:56.376231,Data Sync,902,No Error,5
2025-05-11 20:31:56.376232,Data Sync,599,No Error,2
2025-05-11 20:29:56.376234,Payment Gateway,888,No Error,3
2025-05-11 20:28:56.376235,Payment Gateway,601,No Error,3
2025-05-11 20:27:56.376236,Auth Service,840,No Error,1
2025-05-11 20:26:56.376236,Auth Service,169,503.0,2
2025-05-11 20:25:56.376237,Data Sync,350,No Error,5
2025-05-11 20:23:56.376239,User Profile,76,404.0,5
2025-05-11 20:22:56.376240,Auth Service,688,404.0,2
2025-05-11 20:21:56.376241,Auth Service,673,No Error,2
2025-05-11 20:20:56.376242,Data Sync,388,No Error,2
2025-05-11 20:19:56.376242,User Profile,323,No Error,2
2025-05-11 20:18:56.376243,Auth Service,723,No Error,3
2025-05-11 20:17:56.376244,Auth Service,697,No Error,3
2025-05-11 20:16:56.376245,Data Sync,443,No Error,2
2025-05-11 20:15:56.376246,Auth Service,427,No Error,5
2025-05-11 20:13:56.376247,User Profile,85,No Error,3
2025-05-11 20:12:56.376248,Payment Gateway,578,No Error,3
2025-05-11 20:11:56.376249,Payment Gateway,877,No Error,2
2025-05-11 20:10:56.376250,Auth Service,238,No Error,1
2025-05-11 20:09:56.376251,Auth Service,417,No Error,1
2025-05-11 20:08:56.376254,Payment Gateway,541,No Error,1
2025-05-11 20:07:56.376255,Payment Gateway,572,503.0,5
2025-05-11 20:06:56.376256,Data Sync,482,No Error,3
2025-05-11 20:05:56.376257,User Profile,244,No Error,1
2025-05-11 20:04:56.376257,Auth Service,559,No Error,4
2025-05-11 20:03:56.376258,Payment Gateway,501,No Error,3
2025-05-11 20:02:56.376259,User Profile,175,503.0,4
2025-05-11 20:01:56.376260,User Profile,577,No Error,4
2025-05-11 20:00:56.376261,Data Sync,402,503.0,3
2025-05-11 19:59:56.376262,Auth Service,236,500.0,4
2025-05-11 19:58:56.376262,Data Sync,566,404.0,1
2025-05-11 19:57:56.376263,Payment Gateway,747,No Error,4
2025-05-11 19:56:56.376264,Data Sync,804,No Error,5
2025-05-11 19:54:56.376266,User Profile,619,No Error,1
2025-05-11 19:53:56.376267,Data Sync,101,No Error,4
2025-05-11 19:52:56.376268,Auth Service,692,No Error,5
2025-05-11 19:51:56.376268,Auth Service,572,No Error,1
2025-05-11 19:50:56.376269,Payment Gateway,327,No Error,2
2025-05-11 19:49:56.376270,Auth Service,53,No Error,1
2025-05-11 19:48:56.376271,Auth Service,325,No Error,2
2025-05-11 19:47:56.376272,Payment Gateway,441,No Error,4
2025-05-11 19:46:56.376273,Auth Service,746,No Error,1
2025-05-11 19:45:56.376274,Payment Gateway,456,No Error,5
2025-05-11 19:44:56.376274,Auth Service,544,No Error,4
2025-05-11 19:43:56.376275,User Profile,133,503.0,5
2025-05-11 19:42:56.376276,Data Sync,354,No Error,4
2025-05-11 19:41:56.376277,Auth Service,688,No Error,1
2025-05-11 19:40:56.376278,Auth Service,409,No Error,4
2025-05-11 19:39:56.376279,User Profile,379,No Error,4
2025-05-11 19:38:56.376280,Auth Service,768,No Error,1
2025-05-11 19:37:56.376280,Auth Service,124,No Error,5
2025-05-11 19:36:56.376281,Auth Service,646,No Error,5
2025-05-11 19:35:56.376282,Auth Service,742,401.0,3
2025-05-11 19:34:56.376283,User Profile,919,No Error,2
2025-05-11 19:33:56.376284,User Profile,507,No Error,3
2025-05-11 19:32:56.376285,Data Sync,235,500.0,3
2025-05-11 19:31:56.376286,Auth Service,491,No Error,5
2025-05-11 19:30:56.376286,User Profile,288,No Error,1
2025-05-11 19:29:56.376287,Data Sync,868,No Error,1
2025-05-11 19:27:56.376289,Data Sync,84,No Error,2
2025-05-11 19:26:56.376290,User Profile,522,500.0,5
2025-05-11 19:25:56.376291,Data Sync,399,503.0,5
2025-05-11 19:24:56.376292,Data Sync,256,No Error,5
2025-05-11 19:23:56.376292,Auth Service,905,No Error,4
2025-05-11 19:22:56.376293,User Profile,832,No Error,5
2025-05-11 19:21:56.376294,Data Sync,564,No Error,3
2025-05-11 19:20:56.376295,Data Sync,797,500.0,5
2025-05-11 19:19:56.376296,User Profile,134,No Error,4
2025-05-11 19:18:56.376297,Auth Service,701,No Error,5
2025-05-11 19:17:56.376298,Payment Gateway,479,No Error,3
2025-05-11 19:16:56.376298,Payment Gateway,58,No Error,1
2025-05-11 19:15:56.376299,Payment Gateway,487,401.0,3
2025-05-11 19:14:56.376300,User Profile,244,No Error,3
2025-05-11 19:13:56.376301,Payment Gateway,929,No Error,5
2025-05-11 19:12:56.376302,Data Sync,568,No Error,2
2025-05-11 19:11:56.376303,User Profile,916,404.0,4
2025-05-11 19:10:56.376303,Payment Gateway,633,401.0,5
2025-05-11 19:09:56.376304,Payment Gateway,578,No Error,1
2025-05-11 19:08:56.376305,Payment Gateway,461,No Error,1
2025-05-11 19:07:56.376306,Payment Gateway,340,No Error,1
2025-05-11 19:06:56.376307,User Profile,571,No Error,3
2025-05-11 19:05:56.376308,Payment Gateway,603,No Error,4
2025-05-11 19:04:56.376309,Data Sync,410,No Error,5
2025-05-11 19:03:56.376309,Payment Gateway,121,No Error,5
2025-05-11 19:02:56.376310,User Profile,561,No Error,1
2025-05-11 19:01:56.376311,Auth Service,622,503.0,5
2025-05-11 19:00:56.376312,Payment Gateway,96,No Error,5
2025-05-11 18:59:56.376313,Auth Service,805,No Error,5
2025-05-11 18:58:56.376314,Payment Gateway,338,No Error,5
2025-05-11 18:57:56.376314,User Profile,921,No Error,2
2025-05-11 18:56:56.376315,Payment Gateway,336,No Error,4
2025-05-11 18:55:56.376316,Data Sync,551,No Error,4
2025-05-11 18:54:56.376317,User Profile,727,No Error,3
2025-05-11 18:53:56.376318,User Profile,797,No Error,4
2025-05-11 18:52:56.376319,User Profile,367,No Error,3
2025-05-11 18:51:56.376320,Payment Gateway,169,No Error,2
2025-05-11 18:50:56.376321,Auth Service,73,503.0,1
2025-05-11 18:49:56.376321,Auth Service,330,No Error,1
2025-05-11 18:48:56.376322,User Profile,249,No Error,3
2025-05-11 18:47:56.376323,Payment Gateway,930,No Error,4
2025-05-11 18:46:56.376324,Data Sync,389,No Error,5
2025-05-11 18:45:56.376325,User Profile,53,No Error,1
2025-05-11 18:43:56.376327,Payment Gateway,474,No Error,3
2025-05-11 18:42:56.376327,Data Sync,807,No Error,3
2025-05-11 18:40:56.376329,Auth Service,524,503.0,3
2025-05-11 18:39:56.376330,Auth Service,784,No Error,3
2025-05-11 18:38:56.376331,Data Sync,326,401.0,3
2025-05-11 18:37:56.376332,Auth Service,206,No Error,5
2025-05-11 18:36:56.376332,Auth Service,268,No Error,2
2025-05-11 18:35:56.376333,Payment Gateway,369,500.0,1
2025-05-11 18:34:56.376334,Data Sync,881,No Error,3
2025-05-11 18:33:56.376335,User Profile,801,No Error,2
2025-05-11 18:32:56.376336,Auth Service,393,404.0,5
2025-05-11 18:31:56.376337,Data Sync,697,503.0,2
2025-05-11 18:30:56.376337,Data Sync,941,No Error,3
2025-05-11 18:29:56.376338,Data Sync,789,500.0,2
2025-05-11 18:28:56.376339,Payment Gateway,764,No Error,3
2025-05-11 18:27:56.376340,Payment Gateway,418,No Error,2
2025-05-11 18:26:56.376341,Payment Gateway,842,No Error,2
2025-05-11 18:25:56.376342,User Profile,442,No Error,3
2025-05-11 18:24:56.376343,User Profile,425,No Error,4
2025-05-11 18:23:56.376343,Auth Service,851,No Error,2
2025-05-11 18:22:56.376344,Data Sync,191,No Error,3
2025-05-11 18:21:56.376345,Auth Service,546,No Error,5
2025-05-11 18:20:56.376346,Auth Service,385,401.0,4
2025-05-11 18:19:56.376347,Auth Service,722,No Error,5
2025-05-11 18:18:56.376348,User Profile,312,No Error,5
2025-05-11 18:17:56.376348,Payment Gateway,584,503.0,5
2025-05-11 18:16:56.376349,Payment Gateway,779,500.0,2
2025-05-11 18:15:56.376350,Payment Gateway,634,503.0,2
2025-05-11 18:14:56.376351,Data Sync,683,No Error,5
2025-05-11 18:13:56.376352,Payment Gateway,893,No Error,3
2025-05-11 18:12:56.376353,Auth Service,833,No Error,1
2025-05-11 18:11:56.376354,Data Sync,183,No Error,5
2025-05-11 18:10:56.376354,Data Sync,816,500.0,2
2025-05-11 18:09:56.376355,User Profile,875,No Error,1
2025-05-11 18:08:56.376356,Payment Gateway,380,500.0,3
2025-05-11 18:07:56.376360,Auth Service,326,No Error,1
2025-05-11 18:06:56.376362,User Profile,719,401.0,4
2025-05-11 18:05:56.376362,Auth Service,195,No Error,5
2025-05-11 18:04:56.376363,Auth Service,865,No Error,4
2025-05-11 18:03:56.376364,Auth Service,146,No Error,2
2025-05-11 18:02:56.376365,User Profile,910,No Error,3
2025-05-11 18:01:56.376366,Data Sync,723,No Error,5
2025-05-11 18:00:56.376367,User Profile,189,No Error,3
2025-05-11 17:59:56.376367,User Profile,707,No Error,1
2025-05-11 17:58:56.376368,Payment Gateway,703,503.0,1
2025-05-11 17:57:56.376369,Data Sync,562,No Error,4
2025-05-11 17:56:56.376370,User Profile,116,No Error,2
2025-05-11 17:55:56.376371,Payment Gateway,151,No Error,4
2025-05-11 17:54:56.376372,Auth Service,509,No Error,4
2025-05-11 17:53:56.376373,Auth Service,227,No Error,5
2025-05-11 17:52:56.376373,Auth Service,424,No Error,4
2025-05-11 17:51:56.376374,Payment Gateway,507,No Error,2
2025-05-11 17:50:56.376375,Data Sync,577,No Error,3
